price,title
250 €,Robot aspirateur irobot roomba 681
210 000 €,Appartement 3 pièces 55 m²
,Lot de suspension ledvance osram
250 €,Amortisseurs 406 coupé
150 €,HTC 820 très bon état
20 €,22 m de rideaux (8 rideaux) dentelles
440 €,4 Jantes look AUDI TT RS RS3 RS4 A6 RS Q3 Q5
60 €,Ménagère en inox de 37 pièces
5 €,Barbie princesse robe violet rose
150 €,Sommier 160 x 200
30 €,"Location minibus, voitures,utilitaires"
5 €,Bande dessinée VALERIAN (éo 1983) en bé
10 €,grossesse
460 €,"IPhone 7 128 Go "" Comme Neuf """
5 €,Haut femme taille L couleur corail
35 €,Lisseur calor brush and straight
10 €,revue technique Renault 25
,Habits 8 ans (bruno 14)
5 500 €,"Polo TDI 1,6l 75 ch confortline"
25 €,Chancelière Kaiser
30 €,Petite table marocaine
5 €,Séchoir étendoir
,Revue technique citroen xsara phase 2
7 €,Batterie type NP-BG1 pour APN Sony
,Organisez votre soirée Karaoké
460 €,Samsung S8 sous garantie 02/2020
440 €,4 Jantes look Jantes look BMW serie 3/5/7/6 M5 M6
590 €,51m² - gge- balcon - cuis.équipée -STRASBOURG-GARE
,Petit tableau portrait miniature
30 €,Speedy chef tupperware
20 €,Couverts en argent de 4 pièces
,Hyundai matrix puny getz i10 i30 santa fe coupe fx
5 €,collier perle
30 €,Table et chaises de jardin
150 €,Ordinateur du bureau
150 €,Dalle a prix intéressant
1 500 €,206 hdi - 150 000 km - ct ok
400 € - 550 €,T3 les Pieds dans l'eau
4 500 €,Suzuki jimny
300 €,Sono mobile neuve xs sound partner-12a
400 €,Location F2
904 500 €,Terrain centre-ville Fort-de-France
80 €,Climatiseur
20 €,Planche visio
195 000 €,"CATAMARAN LAGOON 47 , avec échange Immo possible"
315 € - 315 €,Nid douillet à Sainte Luce
50 €,Couper de l'herbe
3 500 €,Golf 5
127 500 €,Terrain 1 500 m² Gros Morne
129 500 €,Terrain 1 439 m² Gros Morne
8 €,Lot de rampes pour teck deck ou autres
12 900 €,Opel Mokka 1.4 TURBO 140CH EDITION START&ST...
280 €,Très beau studio face plage Les Trois Ilets
100 200 €,Terrain 1 002 m² Gros Morne
220 €,Samsung Galaxy A3 2016
200 € - 350 €,Studio et T2 climatisés à 250 m de la plage
50 €,meuble en bois style japonais
6 500 €,Transalp XL 700 V/VA
20 €,Pantalon Moto
520 000 €,Maison 6 pièces 170 m²
5 000 €,Bateau arcoa
15 €,Sèche cheveux Ionique 2000W
350 €,S7 edge
10 €,Couture
109 600 €,Terrain 1 096 m² Gros Morne
15 €,Plaques de cuisson four inox
50 €,Imprimante Canon
30 €,Ancre 15 kg
1 200 €,C3 hdi d ans l etat
1 100 €,206 4p en l'rtat
,Belle jeep wrangler
1 000 €,Véhicule toyota en l'état
26 900 €,Hyundai Tucson 1.6 T-GDI 177CH EXECUTIVE 4WD DCT-7
1 000 €,Peugeot 106 1.1L ESS 3 portes
720 €,Appartement T3 meuble
800 € - 1 000 €,Villa neuve à Sainte-Anne pour au moins 6 pers
40 000 €,Camion pizza Mercedes Sprinter aménagement pro
23 500 €,Depaneuse Renault maxity a 23500€
150 €,CANAPÉ 3 PLACES EN ROTIN EN TRÈS BON ÉTAT.
150 €,LIT ENFANT PLUS SOMMIER EN BON ÉTAT.
850 €,VILEBREQUIN NEUF POUR NISSAN NAVARA YD25DDTi
2 000 €,Berline207 hdi moin chère
330 € - 470 €,Studio tout confort proximité plage au gosier
50 €,Meuble pour TV ou autre 65 x 41 x 72cm – mom
95 €,""" Cul de Poule "" en cuivre estampillé Mére Poulard"
250 €,9 coupes à champagne verre soufflé et bullé Biot
,Port-louis : cm1 & cm2
,Soutien Scolaire à Port-Louis
,Port-Louis : Soutien Scolaire Lycée BTS
,Bac bts brevet toutes matières
1 250 €,Nikon d810
12 800 €,Audi A4 TDI
550 € - 600 €,Bas de villa
380 € - 680 €,Studio rez de villa a l 'anse des rochers
10 800 €,BMW X3 clean
100 €,CASQUETTE LUMINEUSE
80 €,Etagère en fer forgé beige
230 €,IPhone 6 64 gb
3 €,Figurine résine de tête de marin 11*8 cms
25 €,Lot vêtements militaires
10 €,Chaussures de ski
6 500 €,Citoen berlingo 1.6hdi75 625 (12) 6500 €
13 900 €,Ford nouveau C-max 115cv titanium 2015 reprise pos
80 €,Salle a manges complete
3 €,Mercerie - boutons métal Collège Civray
20 €,Lot de 7 cartouches EPSON T0611/612/613/614
8 €,Sac cabas neuf
15 €,Cours particuliers tout niveau
,Dessus de lit/ petites couettes/couverture
2 €,chaussure bébé 3/6 mois
50 €,Synthétiseur BONTEMPI NK8200
20 €,Chauffeuse billes 2 places
3 €,Lot de 3 sous-verres neufs dimension 20*30 cms
10 €,Bottes hautes en cuir - sc86
40 €,Jean Lévis homme
40 €,Jean Lévis homme
6 000 €,Gd Modus 1.5 dci 70 CV pack clim idéal jeune
300 € - 310 €,T1 Carré Saint-Gilles
6 000 €,Tucson boite 6 140ch
150 €,Lampe design
120 €,LIT ou LIT JUMEAUX
200 €,Urgent Frico/congélateur LG affaire à faire
220 €,Enfilade
130 €,berceau bébé
250 €,Lit en teck
90 €,Canape
150 €,IPhone SE 32giga
550 €,T2 résidence Goélette
5 €,Création de bracelet
15 000 €,Skoda fabia vrs
524 €,Appt t2 beaulieu/st benoit libre
200 €,Lits superposés
,Focal Aria 906
15 €,casque vélo SVT
400 €,Canapé marron
10 €,Tapis d'éveil fisher price
70 €,Bar son « Muse »
4 000 €,Megane II 90ch 1.9L DCI
155 €,Ecran acer 144hz 1ms
50 €,lit médical
15 €,Centralien donne des cours en math et en physique
107 €,"Mobilier professionnel en stock, style ecolier"
150 € - 350 €,Bel appartement T2 au calme à Villard de Lans
50 €,Parc bebe
1 300 €,Faema e61 legende
50 €,Renault clio 2 phase 2 1.5 dci
4 €,Carte postale Lyon
155 000 €,Sur les hauteurs du village de beaujeu
15 €,Crampons foot NIKE MERCURIAL victory 41
15 €,Bagues neuves homme métal argenté
29 €,Pantalon MISS CAPTAIN taille 40
8 €,Figurine pièce montée
50 €,195 55 16 91t
2 400 €,Clio campus
409 000 €,Villa 8 pièces 180 m²
11 500 €,Alfa Romeo Giulietta 1.6 JTDm 105 Véloce S&S
1 400 €,Maison dénommée La CHAUMIERE
10 €,Chaussure Puma
10 €,Chaussure Pupa
15 €,Tee-shirts manche longue
5 €,Puzzle de nombres
5 800 €,Nissan Xtrail négociable
5 €,Jeu de lettres
1 000 €,URGENT Location appartement T5 avec balcon
250 € - 250 €,Petite maison de vacances
25 000 €,Audi A3
25 €,MEUBLE blanc étagère
60 €,Poussette canne INGLESINA Trip
120 €,Chaussures enfant 18 a 23
90 €,Bureau armoire et chaise de bureau
30 €,Couette de lit
152 000 €,Appartement 2 pièces 40 m²
30 €,Meuble de cuisine
25 €,Vélo enfant
180 €,Four encastrable + meuble
70 €,Meuble de cuisine
120 €,Meuble de cuisine + plaque vitro encastrée
270 € - 350 €,Marina de st francois vue plage voiture+logement
50 €,Gilet kayak RTM
500 €,Tour gtx msi 1050 ti gaming x 4g
250 € - 260 €,Beau Studio meublé avec terrasse le gosier
249 € - 299 €,SPLENDIDE APPART Vos vacances de rêves-phemius loc
250 €,Embrayage Ford ranger année 2010 Neuf
30 €,Gilet kayak RTM
20 000 €,TOYOTA HILUX
195 €,aquarium bn etat
20 €,Chauffe biberon
25 €,Robe communion 10ans
3 500 €,BMW 530 D - Diesel V6
212 001 €,Maison 6 pièces 275 m²
30 €,Fauteuil relax pliant
30 €,HP conseil general HS
6 €,Parure collier et bague
25 €,Ourson neuf Jean Bourget
30 €,sac Lancel
30 €,Lot de 11 paires chaussures marques
15 €,Table de chevet cirée
70 €,Poussette double
250 €,BMX Flybikes Neutron 250€
8 €,peluche licorne
50 €,Table massage 4 plans
17 990 €,Mercedes classe G300 TD
1 800 €,Citroën Picasso 1.8L 16V CT Ok
270 000 €,Villa 5 pièces 92 m²
10 €,Coffre en bois argenté motif de la mer
30 €,Chaussures montagne semi montantes QUECHUA
,Jardinier Elagueur
3 €,"Tunique, pull femme taille 48 PAND"
18 €,"peinture, menuiserie,déco, bricolage divers"
150 €,machine à laver
1 750 €,Cafe racer 50cc moteur Twincam 4 soupapes neuf
23 900 €,Peugeot Traveller 1.6 BlueHDi 115ch
3 500 €,Clio1.5 dci 65 CV pack clim idéal jeune conducteur
6 500 €,Scenic 1.5 dci 105 cv expression + GPS couleur
4 800 €,Clio 1.5 dci 70 CV pépite idéal jeune
4 500 €,Smart forfour cdi 95 passion
55 €,Belle chapelle des pot
100 €,Meuble tv
10 €,Service en porcelaine (café + dessert) - mimi
,Aquarium 50 litres complet avec 3 poissons
15 €,Meuble de Salle de Bains + Baby-Foot
10 €,Lot 2 cabas
25 €,Masque Africain
784 € - 903 €,Particulier loue mobil home à royan
700 000 €,Maison d'architecte saint-rogatien
3 €,Bottes de pluie plusieurs pointures enfant
1 200 €,Portail
1 800 €,Peugeot 307 2L hdi 110cv
150 €,Pinscher Nain
75 €,Table basse meuble tv
60 €,table plus chaise de bar
180 €,Coulissant Alu Neuf
15 €,Chaises en chêne
15 €,Camera PSVR V1
25 €,"Livres ""Votre grossesse"" et ""Elever mon enfant"""
760 €,Iphone 8 plus argent
35 €,2 transats
1 100 €,Jante évocorce 18 5/100
150 €,Salon de jardin
,Rotel RA-11
500 €,Opel corsa b
15 €,Jeu de societe
450 €,Vibroculteur
510 €,Iphone 7 32G unique
50 €,Table ancienne
26 900 €,Camping-car profilé Knaus Sport Ti 600 MG
290 €,BTWIN Triban 500
5 €,15 ustensiles pour la table et la cuisine ml4
100 €,Foc 11.65x9.55x7
10 €,Thomas et ses amis locomotives
180 €,IPhone 5s 32g
20 €,Blouson de marque Antony Morato taille S
8 €,Jeu FAIS PAS L'ÂNE
40 €,Étagère porte casseroles
60 €,Rehausse beton
10 €,Guêtres CSO NORTON
36 €,Verres ballons cristal HARTZVILLER (6 unités)
20 000 €,Seat LEON Fr tdi 184
29 €,Chaise haute jouet rétro du Moulin Roty
50 €,Meuble d'angle
8 €,Pantalon noir large taille 40 avec ceinture
40 €,Commode
1 200 €,Location de local commercial ou paramédical
30 €,Commode
1 000 €,Opel corsa
151 363 €,Appartement 2 pièces 40 m²
3 500 €,Dacia 5 PLACES 3500 eUROS très bon état clum
150 €,meuble et miroir
38 €,Terrain stoupan matoury
300 €,Kit d'enceintes THX 5.1 Logitech Z906
270 €,Debroussailleuse
1 200 €,Villa à louer sur Matoury (bourg)
1 800 €,Maison T4 à louer avec piscine
900 €,Plonge professionnelle
40 €,Roues complètes 13 pouces
433 €,Appartement 2 pièces - CHAVAGNE
30 €,"TV ecran plat 82cm 3xHDMI + USB + Pied, a reviser"
8 €,Chaussures à talons femme
508 €,Local bureaux 60 m²
14 000 €,Mercedes CLASSE B - 2013 - II 180 CDI SPORT
4 990 €,"CITROËN C4 PICASSO 1,6 HDI 110 ch"
500 €,Samsung Galaxy S8 neuf
19 500 €,Garage dans residence securisee colline st joseph
300 € - 700 €,Studio emplacement n°1 Secteur Croisette & Plage
30 €,Cage à oiseaux
4 000 €,Mitsubishi canter
55 €,vtt velo fille 16 pouces decathlon
60 €,Tabourets pivotants hauts noirs
125 000 €,Programme immobilier à Fontaine de Vaucluse
12 €,Ikks Jupe
9 590 €,Fiat nouvelle 500S 1.2 69 cv
20 €,Plusieurs jeux ps4
6 €,puma fille taille 22
,Recherche couvreur/couvreuse (H/F)
9 190 €,Fiat 500 II Serie 4 1.2 8v 69 Lounge - 19500 Km
20 €,A louer Barnum 3m x 3m avec côtés amovibles
14 995 €,"Rcz 2.0 hdi 163 ""gps"" blanc nacré"
6 €,B.Dessinée du ras le bol
50 €,Transat balancelle a vitesses
599 €,Serres et jardins d'hiver en Aluminium
10 €,Tee shirt 12 ans
2 €,chaussons bottillons fille T32 (lola02)
70 €,Vaisselier
12 €,Chaises
2 300 €,Passât Break
50 €,Tout pour jouer au tennis
370 € - 370 €,T2 face mer à LA BAULE
5 €,peluche
3 €,Les animaux du monde entier (liv44)
50 €,Blousons
67 000 €,Maison style longère
3 250 €,Renault megane 1.5 DCI 85 cv
15 €,Carton pierre de partement
170 €,Turbos toutes marques
5 790 €,Yamaha mt-07 eligible a2 faible kilometrage
200 €,Pompe filtration piscine hayward sp1611xe 161
45 €,Dinosaure télécommandé
6 490 €,Mini Cooper One D PERPER WHITE phase 2
109 €,Table de massage bas prix
40 €,Coffret Harry Potter l'intégrale 8 bluray
5 €,Coquillage des antilles
200 €,Téléphone Sony Xperia 6 pouces
45 €,Lampe rotin
,Petit guéridon
5 €,Jouet eveil manège vtech
2 200 €,kangoo
8 000 €,C5
390 €,Deville poel a bois
4 €,Cadre new-york
10 €,Jean kaporal
16 €,Foin 2017
2 500 €,450 RMZ 2010 Injection
,vis spax cruciforme
,American staff
3 €,Plateau betty boop
80 €,Cd henri bonamy piano recital chopin liszt césar
5 €,K way 5 ans
255 € - 490 €,Vacances face à la mer
40 €,Garage Lego city
20 €,2 fauteuils style napoléon
40 €,Écran ACER 48CM
,"Location salle de mariage ,baptême etc"
4 000 €,buggy secma
5 €,Manteau 3ans
19 €,Timbres PAYS-BAS
5 €,Grand tableau new york
73 000 €,Maison 4 pieces 80m²
125 €,Samsung galaxy j5 2016
766 €,Appartement 3 pièces 75 m²
362 €,Appartement 1 pièce 29 m²
297 €,Appartement 1 pièce 26 m²
140 €,Chambre/ lit / commode / chevets
15 €,Bureau noir
200 €,"Création web (site web , application)"
1 105 €,T3 avec Terrasse - Garonnette
37 €,1 18 voiture miniature PORSCHE CARRERA RS 37€
10 €,Lampe d'enfant à fixer au mur
283 500 €,Villa 4 pièces 100 m²
,robot piscine pour pièces
199 €,Kit durites silicone Megane 2 RS 225/230
3 €,Ensemble de planches à découper dans leur support
5 €,Peinture abstraite
5 €,Pantalon de ski fille Orchestra
5 €,Pantalon desigual
50 €,Table de salon
80 €,vélo vélo
8 €,Chaussures ouvertes Tissaia
5 €,3 coussins Zara Home blancs
200 €,Canapé cuir + pour cuir +luminaire
,Reparation de fuite couvreur
43 €,Voiture miniature 1 18 LOTUS ELYSE GT1 43€
200 €,Samsung galaxie S6 EDGE
2 €,Tee shirt quicksilver
,2 gerbille femelle 2 mois
13 €,Porte bébé ventral marque tommy
200 €,Test Oscillator Générateur Hewlett Packard 650A
39 €,Bottines Mellow Yellow
25 €,Autoradio Peugeot Citroën avec chargeur et écran
7 €,Lego Chima 30250 : Ewar's Acro Fighter neuf
7 €,Veste coup vent bébé hm taille 1/2 ans
50 €,Chaise bistrot
6 €,Polly pocket bluebird n° 897
80 €,DSi noire pokémon
10 €,Manteau MEXX 8A (plutôt 6/7A) BEG - Luisa76
30 €,chaussures kickers neuves
10 €,BONBONS BOIS AFRICAIN
15 €,Enceinte JBL On Stage IIIP avec Ipod Nano 4 Go
9 490 €,Mini clubman 1.6 120 cooper pack chili bv6
35 €,Baskets Jordan
25 €,Basket Nike d'origine excellent état
75 €,TEX BABY - POUSSETTE DOUBLE BÉBÉ
6 €,Enjoliveur Renaut clio 15 pouces
35 €,chaussures homme Eram / Vero Cuio
2 €,Tee shirt PETIT BATEAU 6 mois
8 €,Maillot De Bain Femme BANANA MOON Taille 36 Neuf
12 €,pantacourt XS Nike Legend 2.0 neuf
,L architecture en pays de mission r.p.m briault
109 €,Table de massage - Haute Qualité - Prix bas
4 €,HAUT ml col roule bleu turqoise FILLE 10ans NEUF
179 €,Cuisinière Électrique - FAR -58839
,Peintre
10 €,Soufflet en bois et cuir pour cheminée
890 €,Scooter Peugeot Kisbee 50cc noir
150 €,iPhone 6 debloque
50 €,Survetement Paris Saint-Germain 2017-2018 Neuf PSG
400 €,TV 4K UHD SAMSUNG 127cm
60 €,Injecteur renault
655 €,Appartement 2 pièces 49 m²
15 €,Ruban de cuivre pur
25 €,"table guéridon ,vintage"
4 000 €,Peugeot partner 5 places
130 €,Table et chaises
7 €,Bac acier toiture couverture bardage
70 €,centrale vapeur Philips gc8210
3 €,Livre revue - Playstation - Aout/sept 2009 N°8H
2 €,"DVD "" La 3e partie du monde "" Gaspard Ulliel"
10 €,Table a langer
5 €,BD The Amazing Spiderman La dernière chance
4 €,Pyjama fille 5 ans LuluCastagnette
,Vide maison
1 €,tee-shirt fille 8 ans
70 €,Ordinateur portable emachines
7 €,robe cérémonie rose framboise
2 €,"DVD "" Mariage à la grecque """
8 €,Pantalon beige large taille 40
20 €,Circuit chuggington
5 €,Tableau point de croix
100 €,Nettoyeur vapeur
5 €,Album SPIROU N343 du 23/09/2015 au 25/11/2015
2 €,"LIVRE "" Adeline Mowbray "" de Amelia Opie"
20 €,Flacons loctite glue
40 €,Tapis d'éveil gymini kick&play
2 800 €,scenic
30 €,Poupée corolle la chérie neuve
8 €,Pantalon marron large taille 40
3 €,"Pull Orchestra ( Catimini, Ikks.....)"
15 €,Lecteur dvd
540 €,"T2 50m2 belle vue, haut de Battant"
1 500 €,Opel olympia van1950
40 €,Jeu de plaquettes FDB 1467
,2 micros playstation
100 €,Phare AVG Halogène Megane 3 PH 3
39 000 €,Camion magasin boulangerie/pâtisserie base Renault
5 990 €,Van Gold Team Cheval Liberté deux places chevaux
79 600 €,Camion magasin boucherie charcuterie
34 500 €,Camion VL polyvolume déménagement Eurobox
200 €,Xbox One S 1To
325 000 €,Duplex F4
60 €,Canapé + fauteuil
250 €,Playstation 4 1To + fifa18
2 800 €,307 hdi
10 €,plage arrière
5 €,Femme taille 50
15 €,Panneau de porte arriére Droit Golf 1 /5 portes
110 000 €,Appartement rénové Colombier-centre
40 €,Pneus 185/65/15
12 €,Lot de 4 vestes garçon 18 mois
300 €,Regulation chaudiere de dietrich gaz ou fioul
220 €,"Lenovo X201, i5, SSD, carte sim, station d'accueil"
300 € - 450 €,"Bretagne sud, T1 face a l'océan et ses plages"
8 €,Manteau fille 10 ans
2 890 €,206 2.0hdi 90 Premium
290 € - 500 €,Location mobil home 6 pers.bretagne sud
10 €,Piano Puppy
360 € - 580 €,Concarneau 9 baies pleine vue mer tout à pied
20 €,Dolce Gusto Picollo Manuelle
,"C.P ancienne ""Les chansons de Botrel"""
8 €,Escarpins écru Zalando NEUF
5 €,Pull T36 New Look
165 075 €,Longère 143 m² Saint Nicolas Du Pelem
25 €,Bois de lit en chëne 140 * 190
75 €,Pompe à chaleur polytropic
4 €,Ensemble pyjama et body Chicco
10 €,Domino
15 €,mini stepper domyos
49 €,Porte bebe Babybjorn comme neuf
55 €,Capitaine Flam - L'intégrale - Bluray-neuf
1 290 €,Création de site internet E-commerce
6 €,DRAP 1 personne + 1 TAIE (3j51)
17 000 €,YAMAHA R1M
4 600 €,Polo 1l4 70 ch
4 €,Sac à main kaki (neuf)
160 €,glaciere réfrigérateur
40 €,Norev renault nn 1928
50 €,Canape fauteuil de style
60 €,Console
15 €,Serrures valise de musique ou autre
6 €,B.Dessinée de la télé
6 990 €,FIAT PUNTO III (3) 1.2 8V 69 ITALIA 5P - an:2015
,Terre Végétale Livrée
16 €,Chaine de taille haie
230 000 €,Bar hotel restaurant
5 €,Mr cookies
,Renault clio de 1996 pour pieces uniquement
115 000 €,Maison 3 pièces 64 m2
1 200 €,Portail
240 000 €,Limoges ouest 8 pièces 186 m2
20 €,Penderie très bon état
10 €,Coquillage de polynesie
155 440 €,Maison plain-pied sur sous-sol à PANAZOL
1 675 €,Conteneurs
150 €,Canape deux places
10 €,Jean levis
380 €,Appartement au Lac de Mondon
1 950 €,xsara 2l hdi 110 sport
2 €,Figurines kermit et gonzo
500 €,tapis de course
502 €,Appartement 2 pièces 38 m²
520 €,Maison 2 pièces 54 m²
,Voilage lewinger taille 50 lahcini
1 €,Cadre
15 €,Lustre
2 €,Maillot enfant
10 €,Suspension 3 branches
10 €,velo garçon
530 €,Triplex de 40m2 à Denain nouveau monde
,Mika Animateur et DJ a votre service
3 €,Bougeoir
,Panini Le monde de Dory
700 €,Poussette triple peg perego
2 €,Gamelle
100 €,Pot bidalot S3
300 €,Motopompe thermique
320 €,Samsung galaxy a8 2018 neuf
10 €,MSH31 prestation ménage sur Escalquens
65 €,Porte carte Mont Blanc
10 €,Arche éveil
20 €,Oldelaf
13 090 €,Audi a1 1.4 tdi 90 ch
9 €,Pantalon rose femme bershka
20 €,"Siege enfant groupe 2 , 3"
90 €,Vieux papiers
130 €,"Location de 2cv , Mariage, Rallyes touristiques..."
3 €,"Roman ""san-antonio"""
10 €,Tunique
1 €,Pantalon sergent major 9 mois
100 €,2 Bagues Pandora taille 50 et 52
37 €,Mafac gold
200 €,Jantes mercedes
15 €,Table de cuisine amovible
2 €,Lot de petits livres pour enfants
10 €,Jouet à suspendre
6 €,Maillot de bain disney reine des neiges NEUF
10 €,Veste bébé Adidas
1 990 €,Saab Vector 95
8 €,"Calendrier perpétuel ""Trivial Pursuit"" Bla6475"
5 €,Ensemble Vert Baudet
820 €,Appartement F3
40 €,"Meuble d,angle"
190 €,Meuble de salle à manger
120 €,Siège renolux 360 état neuf
109 €,Table de massage - Pliable - Transportable - Pro
10 €,Compost
45 €,"Disgaeads, Solatorobo, Luminous Arc 2 ..sur DS"
3 €,Bottes de pluie-Pointure 31 (kp54)
10 900 €,Renault clioi v 1.5 dci 90 energy business eco2
330 €,Appartement 1 pièce 20 m²
26 000 €,Occasion MERCEDES GLA
20 €,Salon de jardin enfant disney
,Ecole infanterie 1950 les engins autopropulses
7 €,plat pour four ou pour pastilla
2 €,LIVRE Jimmy Coates : Assassin ? - Joe Craig
8 €,Jolie chemise en lin gerard darel noir t38 neuf
80 €,Meuble tv
8 €,Pantalon large imitation jean taille 40
,Boite au point de croix (cartonnage)
1 €,Verres
100 €,Cadre plus cintre neuf
5 €,Puzzle Ball
4 499 €,SCOOTER SYM GTS 125R START AND STOP ABS EURO4 125c
4 €,Chaussure enfant
25 €,Tee shirt handball Adidas officiel
20 €,Loctite colle glue
4 €,BD : L'Attrape-livres
70 €,Hotel playmobil +27 personnages
5 €,"Gilet Marese (Catimini, Ikks.....)"
109 €,Table de massage Professionnelle - épaisseur 5cm
20 €,Polaroide spice cam
480 €,Appt T2 de 36 m² NEUF avec cuisine équipée
80 €,Table ronde avec allonge intégrée
18 500 €,mercedes Classe A
15 €,Bottes neige neuves-ing70
8 €,Baskets Nike fille
,Loue gîte
15 €,Panneau de porte Droit Golf 1 Model 5 portes
100 €,Carte graphique sapphire R9 380 8go
800 €,Peugeot 125 elystar
45 €,Jeux ps3
35 €,Canape deux places
45 €,Drone
,Tres beau poulain a réserver pour le sevrage
20 €,A SAISIR Canapé ET/OU Fauteuil
10 €,location Barres de toit Renault Scenic II
170 €,porte velos neuf 4 places
10 €,Trepied pour guitare
6 €,Puissance 4 neuf
35 €,Fauteuil bois
5 €,Haut blanc T36-38 PROMOD
,L'Aquarelle
280 € - 850 €,Maison de vacances bord de mer pointe Bretagne
10 €,Manreau long fille 8ans
6 €,CPA - carte postale animée GAP - la gare
20 €,PLAYMOBIL Robot des Mega Masters NEUF
8 €,Jardinier
25 €,Aide administrative Internet
10 €,BD adulte - SADE l'aigle mademoiselle DUFAUX 1991
140 €,Tableau portrait de femme
,Recherche Employée Baby-sitter (H/F)
149 €,Création Logo Express 48h
50 €,"Lot Sacs, Bijoux, Accessoires (neuf - fdp inclus)"
106 000 €,Appartement 4 pièces 65 m²
80 €,Groupe Martin Pinza
3 €,"CD de QUEEN "" made in heaven """
80 €,Double porte chêne massif
40 €,Crémaillére de direction GOLF 2 ref 191 419 105
100 €,Lit
33 590 €,Audi a6 2l tdi 190 ch ultra avus s tronic 7
120 €,Swaroski neuf
40 €,PLAYMOBIL ECOLE neuf
3 €,"CD de QUEEN ""2"""
10 €,Tableau
2 990 €,CITROËN C3 1.4 HDI 90 cv XTR
5 €,Pantalons enduit cuir t. 36
80 €,clic clac
10 €,jeans killah taille 34 blanc
5 €,Jeu WII sam pyjam âge 3 ans+
10 €,Radio - 2 boutons Philips B2F72A
250 000 €,Maison d exception 8 pieces 180 m2
40 €,baignoire + support + transat bébé
6 500 €,Bmw e39 525d Pack///M
10 €,Sweat CAMPS 12 ans collection récente
,Magnets équipe de France
150 €,sèche linge
80 €,clic clac
4 €,Mickey
5 €,manteau orchestra 8 ans
30 €,"TISSU d'AMEUBLEMENT, NEUF, satin vert (3j51)"
500 €,Samsung s8 rose
4 €,2 puzzles 48 pièces complets TBE
40 €,Aquarium 50l
2 €,Vêtement 6 ans fille
100 €,Location d'une structure gonflable pour vos événem
15 €,Jupe en jeans petit bateau 3 ans comme neuve
15 600 €,Peugeot partner 120 l1 1.6 bluehdi 100
750 €,Appele watch series 3
590 € - 790 €,"Petite maison en Corse, belle vue mer"
7 800 €,Bmw 120 d
200 €,Fenêtre neuve
1 000 €,Famille cherche maison avec jardin
10 €,Débardeur MISS UP taille S NEUF avec étiquette
700 € - 1 200 €,Golfe de porto-serriera grande maison f5
10 €,Vaisselle
30 €,Tres belle paire de sandales laura vita
30 €,Lot 2 tours HP
10 €,Chemise ROSSIGNOL taille M NEUVE avec étiquette
2 €,Puzzle 1er age
550 € - 800 €,F2 calvi avec tres belle vue mer et montagne
10 €,Grand sac à main ELITE
50 €,Queue de billard
40 €,Chaise haute
25 €,Sac à main GUESS
,Beau F2 Ajaccio vue mer
80 €,Baskets ash
120 € - 200 €,La Maison de Charme au Soleil Couchant
45 €,Réservoir pour VW cox de 61 à 67
5 €,"Combinaison l,eau"
50 €,Tout piece moteur tdi100 105 115 130 150 a3 golf..
,Tee shirt col roulé fille 10 ans
75 €,Cuilleres a moka Christofle
8 900 €,Citroën DS3
1 €,Pull NKY 3 ans
15 €,Minecraft PS4
3 500 €,Chariot embarqué ou élévateur
30 €,Chaise haute ikea bois noir blames
1 €,Echange guitares electrique + ampli fender gt40
12 500 €,Renault master 3500l3h2 135cv extra 15 000.00€ttc
25 €,Miroir
,INTERCALL PR341 GERVAIS BRISEZ la GLACE 10 u PRE
2 €,Top chemise bleu taille 38 40 coton - Littlekang
30 €,205 retroviseurs
2 €,vêtement femme
3 €,Jean fille 10 ans a5z
34 000 €,Mercedes Classe ML 350 4M SPORT BlueTEC 7G-T+ AMG
1 €,Taille crayon rose DIDDLE - sbm
4 945 €,Chambre a coucher mg luigi 3 ivoire et dore
19 990 €,Ford Kuga 2.0 TDCi 150ch Titanium
14 990 €,Ford Grand C-Max 1.6 TDCi 115ch FAP Business Nav
14 990 €,Mitsubishi L200 2.5 TD 136 Double Cab Invite
23 990 €,Ford Kuga 2.0 TDCi 150ch Stop&Start Titaniu...
18 990 €,Ford Grand C-Max 1.5 TDCi 120 S&S Titanium
17 990 €,Ford C-Max 1.0 EcoBoost 125ch Titanium
,Responsable Administratif et Financier (H/F)
2 €,"Tunique femme ""Jacqueline Riu"" taille 1"
10 €,Vestes et ensemble tailleur
500 €,Pompe irrigation
18 990 €,NOUVEAU C4 Picasso 1.6 BlueHDI 120 Feel + OPTIONS
247 000 €,"Maison BBC de 130m², 4 chambres + Mezzanine"
3 €,Chemisier 36/38
4 €,Cours de maths sup
15 €,HUB Sac à dos pour appareil photo
420 € - 560 €,"Charmante maison de village, Baie du Mt St Michel"
2 €,Chemise de nuit 12 ans
749 €,A louer maison f4. 80m² - 14480 banville
100 000 €,maison + terrain avec/sans bâtiment + terrain
,Toutes pièces 206
5 €,Pâte à modeler
35 €,Hobbit voyage inattendu collector neuf statue br
5 €,doudou
4 €,Garage et station service smoby avec voiture
10 €,Les Éthiopiques Hugo Pratt corto maltese
15 €,CASTLEVANIA sur Nintendo 64
3 €,Assistante Maternelle agrée Cussetoise
30 €,Bureau pour ordinateur
13 €,Camion ferrari
100 €,pièce voiture sans permis
250 €,IPhone 6S Debloque
2 €,Roue musicale
60 €,Vinaigrier et 4 pichets
640 €,Divers pour restauration
20 €,Panier de basket
30 €,Appareil photos canon
50 €,Lavabo
35 €,Cheval à bascule Oxybul
350 €,iPhone SE - 32 Go Gris Sidéral
15 €,Tapis poils longs rouge 130x170
60 €,KFA2 GeForce GT 1030 2 Go neuf encore sceller
40 €,Évier
80 €,Moteurs électriques extraction
4 490 €,CITROËN JUMPY 1.6 HDI 90 cv L1H1 clim
3 490 €,RENAULT GRAND SCENIC 1.9 DCI 120cv 7 places
5 490 €,ALFA ROMÉO MITO 1.6 JTDM 120 cv Distinctive
1 190 €,Site internet spécialisé pour Agence Immobilière
11 900 €,Grand scenic 3 dci 130 energy eco2 bose 5 places
3 000 €,Alliance en diamants
3 €,Rasoir à pile
20 €,Disney Infinity Wii+ personnages et mondes
45 €,Console GOLF 2 compléte (model sans interrupteur )
5 000 €,Bmw - g310r - g 310 r - 2017 - 1250 kms
1 €,Lot Divers (neuf - fdp inclus)
15 €,PESE PERSONNE mécanique
350 €,Pour pièces
,Grosses peluches chiens
38 000 €,Bmwm6 v10 année 2009
100 €,Kit de filtration 3000 l
10 500 €,Opel Corsa 1.4 90CH EDITION 5P
8 €,Pantalon en velours doublé cadet rousselle 3 ans
30 €,Superbes VOILAGES (3j51)
120 €,Table en pin et chaises
8 €,Superbe robe taille M comme neuve
1 €,"Vêtements garçon 6, 9 et 12 mois"
12 €,lot
50 €,Botte moto cross
6 €,Reger 3 suites op.131
20 €,Moyeu de roue droit pour Peugeot 205
50 €,Playstation 3
5 €,2 nuisettes taille 36/38
680 € - 750 €,Ete Spécial Corse Camping Colomba 4* Chalet 3/5prs
640 €,Appartement T2 Résidence Le Bastio 2
90 €,Bottes Moto Puma Ducati
120 €,Ensemble d'accessoires pour cheminée
170 €,Paille de ble
400 € - 400 €,Maison de village haute corse
100 €,Gazinière Candy
400 €,F2 entouré de vignes proche Ajaccio mer/montagnes
15 €,Blouson taille L NEUF
615 €,Appartement T2 récent
400 € - 1 250 €,"Maison avec piscine, plage Pietracorbara,cap corse"
,T-shirts MC Sergent Major 4 ans
20 €,Pantalon toile Comptoir des Cotonniers
10 €,Ensemble grain de blé
5 €,Tunique cuisinier grande taille
15 €,Bus scolaire lego duplo
3 €,6 New capsules champagne Générique GIBIER CHASSE
15 €,Chaussures de ville femme
700 €,Horloge à balancier mercure
220 €,Costume Calvin Klein
2 €,Top taille 38 M viscose noir blanc - Littlekang
1 €,Te13-590 SC4an AE AGENCES OFFSET 120 u P7 TEXTE 3
880 €,iPhone X
6 150 €,Opel Corsa 1.3 CDTI 75ch 150eme Anniversaire 3P
,Cherche - Baby sitter - Sérieuse pour enfant 4 ans (H/F)
1 150 €,VTT Specialized sturmjumper
35 €,Sandalettes Cuir fillette Bumper Neuve P:31
35 €,Sandalettes Cuir fillette Bumper Neuve P:31
95 €,Réfrigérateur
,"Comics "" FACTEUR X """
75 €,Bloc cylindre gsxr 1000 K3/K4
,Porte arrière gauche master 1
3 €,VESTE pyjama TL
4 500 €,"Opel corsa 1,3cdti 75cv enjoy"
8 500 €,Tracteur
10 €,Meuble de bar
120 €,playstation 3
4 €,Lot de 2 puzzle en bois
5 €,Tasses Roul'Empilo de chez Fisher Price
1 690 €,Citroen saxo 1.1 60 cv
20 €,Bande magnetique
65 €,Vélo Peugeot Reynold
,Bottes moto
5 €,Tunique
8 €,Elefun hasbro excellent etat
68 000 €,Auzat sur Allier-Maison avec terrasse et garage
10 €,PIECES RENAULT LAGUNA 2 ph2 2.2 DCI BVA 150 cv
40 €,Pièces d'ancienne R4
8 €,Vtech Eveil - Ma Tortue Savante
15 €,Lustre
1 000 €,Porte de Garage sectionnelle H2250 x L2800
220 €,Casque Beats Solo3
,Abris d'Albret SAV tempête
5 €,Manteau
10 €,Jupe droite en jean CAROLL - 42
14 950 €,"Bentley Turbo R 1990 89,000 kms"
30 €,Sac original aisikadan
18 900 €,Citroën Jumpy Fg M 1.6 BlueHDi 95ch Business
5 €,LA VERITE SUR L'AFFAIRE DU COLLIER-Hastier
1 €,Pin's guitare électrique excellent état
60 €,Safrane
700 €,BORDEAUX - Appartement T2 à louer
4 €,Biberons Disney
85 €,Tonnelle
10 €,Chaussures talons compensés neuves
5 €,Siege de bain
5 €,Hochet marque VTCHET
120 €,Tracteur Électrique 6V – Caterpillar
30 €,"12Chaises, fauteuil et table scandinave design DSW"
15 €,"PORTE CRAYONS ""A LOVE YOU' avec COEUR ROUGE"
9 999 €,700 Raptor 60th Anniversaire Neuf
400 €,4 chaises en fer forge
20 €,206hdi
4 €,Encyclopédie pratique construction et du bâtiment
14 500 €,Golf 7 Tdi 105ch
,Grille points de croix
73 000 €,Maison T5 116m²
499 €,Remorque allicante lider
845 €,Maison t 4 boulazac
550 €,Vélo de course CIÖCC
20 €,BEAU TRENCH fille Cyrillus beige (Taille : 16 ans)
1 400 €,Remorque sorel etat neuve
30 €,Tee shirt
16 490 €,T4 multivan moteur 120000 km
15 €,Château fort
15 €,Glace AV Droite Laguna 2
700 €,Moteur complet 1.6 hdi
8 €,Boîtier de préchauffage RENAULT CLIO 1
30 €,Lustre
15 €,PAINTBALL 5 Pots DYE 160 billes
50 €,Portière dyane
1 €,Paquet de Bougie
950 €,Bureaux a louer
1 €,Barette memoire ddr3
8 €,debardeur zumba
3 700 €,HYUNDAI I30 1.6 L 90 cv BV6 garantie 3 mois
45 €,À.DAUDET livre ancien ( den60)
8 €,Boîtier de préchauffage RENAULT CLIO 1
,Pinces de démarrage voiture NEUF
,Vide scraproom
18 €,Divers Jeux PS2
10 €,Coffret accessoires vin
8 €,Pull noir taille XL patte boutonnée
3 €,Peluche coussin panda petshop
8 €,Manteau en laine femme
7 200 €,5008 business pack 115 7 places
465 €,Studio a louer centre amiens
30 €,Collecteur d'echapement 2cv
1 €,45t glenn mederos elsa
5 €,CASQUETTE new era
5 €,Housse de couette playboy 1 personne
30 €,À.TASTU 1869 ( den60)
1 €,"Vinyle 45 tours : Sheila : Patrick, mon cheri"
12 €,Skylander SWAP Force
50 €,Radiateur plus kit distribution
5 €,Manteau d hiver 24 mois
3 €,Tres jolie claquette de piscine ou plage NEUF p33
20 €,Cage avec accesoires
15 €,Très beau abat-jour
15 €,Malette
1 €,Recherche stationnement véhicule ancien
400 € - 550 €,Jolie appartement de standing bord de mer
25 €,tabouret de bar
50 €,Enrouleur mural avec tuyau 30 mètres HOZELOCK
35 €,IKEA table basse blanc 90x55 neuf
499 €,Réalisation de sites web professionnels
2 000 €,Tracteur massey fergusoon 6255
10 €,"Lot vêtements idéal Clodre, Bella, Corolle"
10 €,Voiture à pédales
49 €,Taille haie black et decker neuf gt4550-qs 450w
30 900 €,"BMW X6 XDrive 30D 245 ""Exclusive BVA"" An2012"
110 €,Ventilateur BMW
490 €,Appartement 2 pièces 37 m²
,Flyers conception/impression petits prix
160 €,Radiateur et sèche serviette
8 900 €,BMW Série 1 120d 177ch PACK LUXE
10 €,Lot de 11 livres de Jeanne Ashbé + 3 livres CD
80 €,FrIgo top congélateur faure
3 300 €,Citroen C2 1.4 HDI
15 €,Valisette
80 €,Table salon
210 €,Tapis laine de mouton
20 €,Sonde de température neuve
15 €,Casque tv sans fil
15 €,Sacs
90 €,Lit bois
40 €,Appareil photo
5 €,Objets décoratifs
200 €,Armoire Louis XV
15 €,Freddy : L'intégrale - Coffret 7 DVD
2 €,Pull morgan original (bbnou)
390 €,Balance EXA
110 €,Canapé 3 Places Convertilble
1 920 €,CHAUFFEUR SUPER LOURDS (H/F)
